google.com	216.58.218.174	dfw06s46-in-f14.1e100.net.
google.com	216.58.218.174	dfw06s46-in-f14.1e100.net.
google.com	216.58.218.174	dfw06s46-in-f174.1e100.net.
google.com	216.58.218.174	dfw06s46-in-f174.1e100.net.
youtube.com	216.58.218.174	dfw06s46-in-f174.1e100.net.
youtube.com	216.58.218.174	dfw06s46-in-f174.1e100.net.
youtube.com	216.58.218.174	dfw06s46-in-f14.1e100.net.
youtube.com	216.58.218.174	dfw06s46-in-f14.1e100.net.
facebook.com	31.13.66.36	edge-star-mini-shv-02-dft4.facebook.com.
yahoo.com	98.138.253.109	ir1.fp.vip.ne1.yahoo.com.
yahoo.com	206.190.36.45	ir1.fp.vip.gq1.yahoo.com.
yahoo.com	98.139.183.24	ir2.fp.vip.bf1.yahoo.com.
wikipedia.org	208.80.153.224	text-lb.codfw.wikimedia.org.
google.co.in	216.58.218.99	dfw25s07-in-f99.1e100.net.
google.co.in	216.58.218.99	dfw25s07-in-f3.1e100.net.
google.co.in	216.58.218.99	dfw25s07-in-f3.1e100.net.
google.co.in	216.58.218.99	dfw25s07-in-f99.1e100.net.
live.com	65.55.206.154	mapcruncher.com.
live.com	65.55.206.154	windowslivecontent.com.
live.com	65.55.206.154	buymicrosoft.biz.
live.com	65.55.206.154	mapcruncher.net.
live.com	65.55.206.154	mapcruncher.org.
live.com	65.55.206.154	central-hotmail.us.
live.com	65.55.206.154	securehotmail.info.
live.com	65.55.206.154	windowslivemedia.com.
live.com	65.55.206.154	windowslivegame.com.
live.com	65.55.206.154	securehotmail.biz.
live.com	65.55.206.154	securehotmail.org.
live.com	65.55.206.154	windowslivedrive.org.
live.com	65.55.206.154	windowslivetools.com.
live.com	65.55.206.154	msnskydrive.com.
live.com	65.55.206.154	www.home.live.com.
live.com	65.55.206.154	windowslivevoice.com.
live.com	65.55.206.154	central-hotmail.com.
live.com	65.55.206.154	central-hotmail.net.
live.com	65.55.206.154	msnspaces.co.uk.
live.com	65.55.206.154	windowsliveweb.com.
live.com	65.55.206.154	microsoft-skydrive.com.
live.com	65.55.206.154	messengerskydrive.com.
live.com	65.55.206.154	windowslivemobile.com.
live.com	65.55.206.154	windowslivedrive.com.
live.com	65.55.206.154	buymicrosoft.info.
live.com	65.55.206.154	securehotmail.net.
live.com	65.55.206.154	drivelive.com.
live.com	65.55.206.154	securehotmail.com.
live.com	65.55.206.154	buymicrosoft.us.
live.com	65.55.206.154	central-hotmail.biz.
live.com	65.55.206.154	windowslivedrive.net.
live.com	65.55.206.154	windowslivecalling.com.
live.com	65.55.206.154	windowslivedevice.com.
live.com	65.55.206.154	inkblotpasswords.com.
live.com	65.55.206.154	windowsliveplatform.com.
live.com	65.55.206.154	buymicrosoft.org.
live.com	65.55.206.154	windowsliverelease.com.
live.com	65.55.206.154	windowslivedev.com.
live.com	65.55.206.154	windowslivespace.com.
live.com	65.55.206.154	windowslivedrive.mobi.
live.com	65.55.206.154	central-hotmail.org.
live.com	65.55.206.154	windowslivesite.com.
live.com	65.55.206.154	windowslivedevelopment.com.
live.com	65.55.206.154	windowslivestuff.com.
live.com	65.55.206.154	windowsliveoffice.com.
live.com	65.55.206.154	securehotmail.us.
live.com	65.55.206.154	central-hotmail.info.
live.com	65.55.206.154	windowslivesecurity.com.
google.co.jp	216.58.218.99	dfw25s07-in-f3.1e100.net.
google.co.jp	216.58.218.99	dfw25s07-in-f99.1e100.net.
google.co.jp	216.58.218.99	dfw25s07-in-f99.1e100.net.
google.co.jp	216.58.218.99	dfw25s07-in-f3.1e100.net.
bing.com	204.79.197.200	a-0001.a-msedge.net.
instagram.com	52.72.100.138	ec2-52-72-100-138.compute-1.amazonaws.com.
instagram.com	52.54.195.67	ec2-52-54-195-67.compute-1.amazonaws.com.
instagram.com	52.6.199.17	ec2-52-6-199-17.compute-1.amazonaws.com.
instagram.com	52.7.106.91	ec2-52-7-106-91.compute-1.amazonaws.com.
instagram.com	52.5.61.187	ec2-52-5-61-187.compute-1.amazonaws.com.
instagram.com	52.7.149.244	ec2-52-7-149-244.compute-1.amazonaws.com.
instagram.com	52.7.144.5	ec2-52-7-144-5.compute-1.amazonaws.com.
instagram.com	52.71.180.58	ec2-52-71-180-58.compute-1.amazonaws.com.
linkedin.com	108.174.10.10	108-174-10-10.fwd.linkedin.com.
yahoo.co.jp	182.22.59.229	f1.top.vip.ssk.yahoo.co.jp.
yahoo.co.jp	183.79.135.206	f1.top.vip.kks.yahoo.co.jp.
vk.com	87.240.165.91	srv91-165-240-87.vk.com.
vk.com	87.240.165.83	srv83-165-240-87.vk.com.
google.de	216.58.218.99	dfw25s07-in-f99.1e100.net.
google.de	216.58.218.99	dfw25s07-in-f3.1e100.net.
google.de	216.58.218.99	dfw25s07-in-f3.1e100.net.
google.de	216.58.218.99	dfw25s07-in-f99.1e100.net.
yandex.ru	5.255.255.80	yandex.ru.
yandex.ru	77.88.55.66	yandex.ru.
yandex.ru	77.88.55.70	yandex.ru.
yandex.ru	5.255.255.70	yandex.ru.
google.co.uk	216.58.218.99	dfw25s07-in-f3.1e100.net.
google.co.uk	216.58.218.99	dfw25s07-in-f99.1e100.net.
google.co.uk	216.58.218.99	dfw25s07-in-f99.1e100.net.
google.co.uk	216.58.218.99	dfw25s07-in-f3.1e100.net.
ebay.com	66.211.181.123	ebay.com.
ebay.com	66.135.216.190	pages.ebay.com.
ebay.com	66.135.209.52	ebay.com.
ebay.com	66.211.160.86	ebay.com.
google.fr	216.58.218.99	dfw25s07-in-f3.1e100.net.
google.fr	216.58.218.99	dfw25s07-in-f99.1e100.net.
google.fr	216.58.218.99	dfw25s07-in-f99.1e100.net.
google.fr	216.58.218.99	dfw25s07-in-f3.1e100.net.
t.co	199.59.150.44	r-199-59-150-44.twttr.com.
t.co	199.59.148.12	r-199-59-148-12.twttr.com.
google.com.br	216.58.218.99	dfw25s07-in-f99.1e100.net.
google.com.br	216.58.218.99	dfw25s07-in-f3.1e100.net.
google.com.br	216.58.218.99	dfw25s07-in-f99.1e100.net.
google.com.br	216.58.218.99	dfw25s07-in-f3.1e100.net.
mail.ru	217.69.139.200	cp.mail.ru.
mail.ru	94.100.180.199	ms.mail.ru.
mail.ru	94.100.180.201	ko.mail.ru.
mail.ru	217.69.139.199	ms.mail.ru.
netflix.com	54.85.85.246	ec2-54-85-85-246.compute-1.amazonaws.com.
netflix.com	54.83.174.159	ec2-54-83-174-159.compute-1.amazonaws.com.
netflix.com	54.82.215.17	ec2-54-82-215-17.compute-1.amazonaws.com.
netflix.com	54.83.229.120	ec2-54-83-229-120.compute-1.amazonaws.com.
netflix.com	54.85.136.126	ec2-54-85-136-126.compute-1.amazonaws.com.
netflix.com	54.164.245.190	ec2-54-164-245-190.compute-1.amazonaws.com.
netflix.com	54.86.33.138	ec2-54-86-33-138.compute-1.amazonaws.com.
netflix.com	54.86.223.171	ec2-54-86-223-171.compute-1.amazonaws.com.
google.it	216.58.218.99	dfw25s07-in-f99.1e100.net.
google.it	216.58.218.99	dfw25s07-in-f3.1e100.net.
google.it	216.58.218.99	dfw25s07-in-f3.1e100.net.
google.it	216.58.218.99	dfw25s07-in-f99.1e100.net.
google.ru	216.58.218.99	dfw25s07-in-f99.1e100.net.
google.ru	216.58.218.99	dfw25s07-in-f3.1e100.net.
google.ru	216.58.218.99	dfw25s07-in-f3.1e100.net.
google.ru	216.58.218.99	dfw25s07-in-f99.1e100.net.
google.es	216.58.218.99	dfw25s07-in-f99.1e100.net.
google.es	216.58.218.99	dfw25s07-in-f3.1e100.net.
google.es	216.58.218.99	dfw25s07-in-f99.1e100.net.
google.es	216.58.218.99	dfw25s07-in-f3.1e100.net.
PayPal.com	64.4.250.24	paypal.com.
PayPal.com	64.4.250.23	paypal.com.
blogspot.com	216.58.218.105	dfw25s07-in-f105.1e100.net.
blogspot.com	216.58.218.105	dfw25s07-in-f9.1e100.net.
blogspot.com	216.58.218.105	dfw25s07-in-f105.1e100.net.
blogspot.com	216.58.218.105	dfw25s07-in-f9.1e100.net.
ok.ru	5.61.23.5	ip5.23.odnoklassniki.ru.
ok.ru	217.20.156.159	ip159.156.odnoklassniki.ru.
ok.ru	217.20.155.58	ip58.155.odnoklassniki.ru.
apple.com	17.172.224.47	ripmixburn.com.
apple.com	17.172.224.47	rip-mix-burn.com.
apple.com	17.172.224.47	quicktimestreaming.net.
apple.com	17.172.224.47	quicktimestreaming.com.
apple.com	17.172.224.47	quicktime.cc.
apple.com	17.172.224.47	qttv.net.
apple.com	17.172.224.47	qtml.com.
apple.com	17.172.224.47	qt-tv.net.
apple.com	17.172.224.47	publishingsurvey.org.
apple.com	17.172.224.47	publishingsurvey.com.
apple.com	17.172.224.47	publishingresearch.org.
apple.com	17.172.224.47	publishingresearch.com.
apple.com	17.172.224.47	publishing-survey.org.
apple.com	17.172.224.47	publishing-survey.com.
apple.com	17.172.224.47	publishing-research.org.
apple.com	17.172.224.47	publishing-research.com.
apple.com	17.172.224.47	powerbook.cc.
apple.com	17.172.224.47	playquicktime.net.
apple.com	17.172.224.47	playquicktime.com.
apple.com	17.172.224.47	nwk-apple.apple.com.
apple.com	17.172.224.47	myapple.net.
apple.com	17.172.224.47	macreach.net.
apple.com	17.172.224.47	macreach.com.
apple.com	17.172.224.47	macmate.com.
apple.com	17.172.224.47	macintoshsoftware.com.
apple.com	17.172.224.47	machos.net.
apple.com	17.172.224.47	mach-os.net.
apple.com	17.172.224.47	mach-os.com.
apple.com	17.172.224.47	ischool.com.
apple.com	17.172.224.47	insidemacintosh.com.
apple.com	17.172.224.47	imovietheater.com.
apple.com	17.172.224.47	imoviestage.com.
apple.com	17.172.224.47	imoviegallery.com.
apple.com	17.172.224.47	imacsources.com.
apple.com	17.172.224.47	imac-applecomputer.com.
apple.com	17.172.224.47	imac-apple.com.
apple.com	17.172.224.47	ikids.com.
apple.com	17.172.224.47	ibookpartner.com.
apple.com	17.172.224.47	geoport.com.
apple.com	17.172.224.47	firewire.cl.
apple.com	17.172.224.47	expertapple.com.
apple.com	17.172.224.47	edu-research.org.
apple.com	17.172.224.47	dvdstudiopro.us.
apple.com	17.172.224.47	dvdstudiopro.org.
apple.com	17.172.224.47	dvdstudiopro.net.
apple.com	17.172.224.47	dvdstudiopro.info.
apple.com	17.172.224.47	dvdstudiopro.com.
apple.com	17.172.224.47	dvdstudiopro.biz.
apple.com	17.172.224.47	developercentral.com.
apple.com	17.172.224.47	desktopmovies.org.
apple.com	17.172.224.47	desktopmovies.net.
apple.com	17.172.224.47	desktopmovie.org.
apple.com	17.172.224.47	desktopmovie.net.
apple.com	17.172.224.47	desktopmovie.com.
apple.com	17.172.224.47	darwinsourcecode.com.
apple.com	17.172.224.47	darwinsource.org.
apple.com	17.172.224.47	darwinsource.com.
apple.com	17.172.224.47	darwincode.com.
apple.com	17.172.224.47	carbontest.com.
apple.com	17.172.224.47	carbondating.com.
apple.com	17.172.224.47	carbonapi.com.
apple.com	17.172.224.47	braeburncapital.com.
apple.com	17.172.224.47	applexpo.net.
apple.com	17.172.224.47	applexpo.com.
apple.com	17.172.224.47	applereach.net.
apple.com	17.172.224.47	applereach.com.
apple.com	17.172.224.47	appleiservices.com.
apple.com	17.172.224.47	applefinalcutproworld.org.
apple.com	17.172.224.47	applefinalcutproworld.net.
apple.com	17.172.224.47	applefinalcutproworld.com.
apple.com	17.172.224.47	applefilmmaker.com.
apple.com	17.172.224.47	applefilmaker.com.
apple.com	17.172.224.47	appleenews.com.
apple.com	17.172.224.47	appledarwin.org.
apple.com	17.172.224.47	appledarwin.net.
apple.com	17.172.224.47	appledarwin.com.
apple.com	17.172.224.47	applecomputerimac.com.
apple.com	17.172.224.47	applecomputer-imac.com.
apple.com	17.172.224.47	applecare.cc.
apple.com	17.172.224.47	applecarbon.com.
apple.com	17.172.224.47	apple-inc.net.
apple.com	17.172.224.47	apple-enews.com.
apple.com	17.172.224.47	apple-darwin.org.
apple.com	17.172.224.47	apple-darwin.net.
apple.com	17.172.224.47	apple-darwin.com.
apple.com	17.172.224.47	mobileme.com.
apple.com	17.172.224.47	ipa-iphone.net.
apple.com	17.172.224.47	jetfuelapps.com.
apple.com	17.172.224.47	jetfuelapp.com.
apple.com	17.172.224.47	burstly.net.
apple.com	17.172.224.47	appmediagroup.com.
apple.com	17.172.224.47	airsupportapp.com.
apple.com	17.172.224.47	burstlyrewards.com.
apple.com	17.172.224.47	surveys-temp.apple.com.
apple.com	17.172.224.47	appleiphone.com.
apple.com	17.172.224.47	asto.re.
apple.com	17.172.224.47	itunesops.com.
apple.com	17.172.224.47	apple.com.
apple.com	17.172.224.47	st11p01ww-apple.apple.com.
apple.com	17.172.224.47	yessql.info.
apple.com	17.172.224.47	webobjects.info.
apple.com	17.172.224.47	ubnw.info.
apple.com	17.172.224.47	skyvines.info.
apple.com	17.172.224.47	shopdifferent.info.
apple.com	17.172.224.47	sherlock.info.
apple.com	17.172.224.47	quicktimetv.info.
apple.com	17.172.224.47	quicktimelive.info.
apple.com	17.172.224.47	powermac.info.
apple.com	17.172.224.47	powerbook.info.
apple.com	17.172.224.47	macosx.info.
apple.com	17.172.224.47	appleshare.info.
apple.com	17.172.224.47	applescript.info.
apple.com	17.172.224.47	applepaysupplies.info.
apple.com	17.172.224.47	applepaymerchantsupplies.info.
apple.com	17.172.224.47	applepay.info.
apple.com	17.172.224.47	applemasters.info.
apple.com	17.172.224.47	appleexpo.info.
apple.com	17.172.224.47	applecomputerinc.info.
apple.com	17.172.224.47	applecentre.info.
apple.com	17.172.224.47	airtunes.info.
apple.com	17.172.224.47	apple.by.
apple.com	17.172.224.47	apples-msk.ru.
apple.com	17.172.224.47	icloud.se.
apple.com	17.172.224.47	icloud.es.
apple.com	17.172.224.47	icloud.om.
apple.com	17.172.224.47	icloudo.com.
apple.com	17.172.224.47	icloud.ch.
apple.com	17.172.224.47	icloud.fr.
apple.com	17.172.224.47	icloude.com.
apple.com	17.172.224.47	camelspaceeffect.com.
apple.com	17.172.224.47	camelphat.com.
apple.com	17.172.224.47	alchemysynth.com.
apple.com	17.172.224.47	openni.org.
apple.com	17.172.224.47	swell.am.
apple.com	17.172.224.47	appleweb.net.
apple.com	17.172.224.47	appleipodsettlement.com.
apple.com	17.172.224.47	earpod.net.
apple.com	17.172.224.47	xserve.net.
apple.com	17.172.224.47	xserve.com.
apple.com	17.172.224.47	velocityengine.com.
apple.com	17.172.224.47	velocity-engine.com.
apple.com	17.172.224.47	universityarts.com.
apple.com	17.172.224.47	thinkdifferent.com.
apple.com	17.172.224.47	theatremode.com.
apple.com	17.172.224.47	theatermode.com.
apple.com	17.172.224.47	streamquicktime.net.
apple.com	17.172.224.47	streamquicktime.com.
apple.com	17.178.96.59	carbondating.com.
apple.com	17.178.96.59	carbonapi.com.
apple.com	17.178.96.59	braeburncapital.com.
apple.com	17.178.96.59	asto.re.
apple.com	17.178.96.59	applexpo.net.
apple.com	17.178.96.59	applexpo.com.
apple.com	17.178.96.59	applereach.net.
apple.com	17.178.96.59	applereach.com.
apple.com	17.178.96.59	appleiservices.com.
apple.com	17.178.96.59	appleiphone.com.
apple.com	17.178.96.59	applefinalcutproworld.org.
apple.com	17.178.96.59	applefinalcutproworld.net.
apple.com	17.178.96.59	applefinalcutproworld.com.
apple.com	17.178.96.59	applefilmmaker.com.
apple.com	17.178.96.59	applefilmaker.com.
apple.com	17.178.96.59	appleenews.com.
apple.com	17.178.96.59	appledarwin.org.
apple.com	17.178.96.59	appledarwin.net.
apple.com	17.178.96.59	appledarwin.com.
apple.com	17.178.96.59	applecomputerimac.com.
apple.com	17.178.96.59	applecomputer-imac.com.
apple.com	17.178.96.59	applecare.cc.
apple.com	17.178.96.59	applecarbon.com.
apple.com	17.178.96.59	apple-inc.net.
apple.com	17.178.96.59	apple-enews.com.
apple.com	17.178.96.59	apple-darwin.org.
apple.com	17.178.96.59	apple-darwin.net.
apple.com	17.178.96.59	apple-darwin.com.
apple.com	17.178.96.59	mobileme.com.
apple.com	17.178.96.59	ipa-iphone.net.
apple.com	17.178.96.59	jetfuelapps.com.
apple.com	17.178.96.59	jetfuelapp.com.
apple.com	17.178.96.59	burstly.net.
apple.com	17.178.96.59	appmediagroup.com.
apple.com	17.178.96.59	airsupportapp.com.
apple.com	17.178.96.59	burstlyrewards.com.
apple.com	17.178.96.59	surveys-temp.apple.com.
apple.com	17.178.96.59	apple.com.
apple.com	17.178.96.59	yessql.info.
apple.com	17.178.96.59	webobjects.info.
apple.com	17.178.96.59	ubnw.info.
apple.com	17.178.96.59	skyvines.info.
apple.com	17.178.96.59	shopdifferent.info.
apple.com	17.178.96.59	sherlock.info.
apple.com	17.178.96.59	quicktimetv.info.
apple.com	17.178.96.59	quicktimelive.info.
apple.com	17.178.96.59	powermac.info.
apple.com	17.178.96.59	powerbook.info.
apple.com	17.178.96.59	macosx.info.
apple.com	17.178.96.59	appleshare.info.
apple.com	17.178.96.59	applescript.info.
apple.com	17.178.96.59	applepaysupplies.info.
apple.com	17.178.96.59	applepaymerchantsupplies.info.
apple.com	17.178.96.59	applepay.info.
apple.com	17.178.96.59	applemasters.info.
apple.com	17.178.96.59	appleexpo.info.
apple.com	17.178.96.59	applecomputerinc.info.
apple.com	17.178.96.59	applecentre.info.
apple.com	17.178.96.59	airtunes.info.
apple.com	17.178.96.59	apple.by.
apple.com	17.178.96.59	apples-msk.ru.
apple.com	17.178.96.59	icloud.se.
apple.com	17.178.96.59	icloud.es.
apple.com	17.178.96.59	icloud.om.
apple.com	17.178.96.59	icloudo.com.
apple.com	17.178.96.59	icloud.ch.
apple.com	17.178.96.59	icloud.fr.
apple.com	17.178.96.59	icloude.com.
apple.com	17.178.96.59	camelspaceeffect.com.
apple.com	17.178.96.59	camelphat.com.
apple.com	17.178.96.59	alchemysynth.com.
apple.com	17.178.96.59	openni.org.
apple.com	17.178.96.59	swell.am.
apple.com	17.178.96.59	appleweb.net.
apple.com	17.178.96.59	appleipodsettlement.com.
apple.com	17.178.96.59	earpod.net.
apple.com	17.178.96.59	xserve.net.
apple.com	17.178.96.59	xserve.com.
apple.com	17.178.96.59	velocityengine.com.
apple.com	17.178.96.59	velocity-engine.com.
apple.com	17.178.96.59	universityarts.com.
apple.com	17.178.96.59	thinkdifferent.com.
apple.com	17.178.96.59	theatremode.com.
apple.com	17.178.96.59	theatermode.com.
apple.com	17.178.96.59	streamquicktime.net.
apple.com	17.178.96.59	streamquicktime.com.
apple.com	17.178.96.59	ripmixburn.com.
apple.com	17.178.96.59	rip-mix-burn.com.
apple.com	17.178.96.59	quicktimestreaming.net.
apple.com	17.178.96.59	quicktimestreaming.com.
apple.com	17.178.96.59	quicktime.cc.
apple.com	17.178.96.59	qttv.net.
apple.com	17.178.96.59	qtml.com.
apple.com	17.178.96.59	qt-tv.net.
apple.com	17.178.96.59	publishingsurvey.org.
apple.com	17.178.96.59	publishingsurvey.com.
apple.com	17.178.96.59	publishingresearch.org.
apple.com	17.178.96.59	publishingresearch.com.
apple.com	17.178.96.59	publishing-survey.org.
apple.com	17.178.96.59	publishing-survey.com.
apple.com	17.178.96.59	publishing-research.org.
apple.com	17.178.96.59	publishing-research.com.
apple.com	17.178.96.59	powerbook.cc.
apple.com	17.178.96.59	playquicktime.net.
apple.com	17.178.96.59	playquicktime.com.
apple.com	17.178.96.59	nwk-apple.apple.com.
apple.com	17.178.96.59	myapple.net.
apple.com	17.178.96.59	macreach.net.
apple.com	17.178.96.59	macreach.com.
apple.com	17.178.96.59	macmate.com.
apple.com	17.178.96.59	macintoshsoftware.com.
apple.com	17.178.96.59	machos.net.
apple.com	17.178.96.59	mach-os.net.
apple.com	17.178.96.59	mach-os.com.
apple.com	17.178.96.59	itunesops.com.
apple.com	17.178.96.59	ischool.com.
apple.com	17.178.96.59	insidemacintosh.com.
apple.com	17.178.96.59	imovietheater.com.
apple.com	17.178.96.59	imoviestage.com.
apple.com	17.178.96.59	imoviegallery.com.
apple.com	17.178.96.59	imacsources.com.
apple.com	17.178.96.59	imac-applecomputer.com.
apple.com	17.178.96.59	imac-apple.com.
apple.com	17.178.96.59	ikids.com.
apple.com	17.178.96.59	ibookpartner.com.
apple.com	17.178.96.59	geoport.com.
apple.com	17.178.96.59	firewire.cl.
apple.com	17.178.96.59	expertapple.com.
apple.com	17.178.96.59	edu-research.org.
apple.com	17.178.96.59	dvdstudiopro.us.
apple.com	17.178.96.59	dvdstudiopro.org.
apple.com	17.178.96.59	dvdstudiopro.net.
apple.com	17.178.96.59	dvdstudiopro.info.
apple.com	17.178.96.59	dvdstudiopro.com.
apple.com	17.178.96.59	dvdstudiopro.biz.
apple.com	17.178.96.59	developercentral.com.
apple.com	17.178.96.59	desktopmovies.org.
apple.com	17.178.96.59	desktopmovies.net.
apple.com	17.178.96.59	desktopmovie.org.
apple.com	17.178.96.59	desktopmovie.net.
apple.com	17.178.96.59	desktopmovie.com.
apple.com	17.178.96.59	darwinsourcecode.com.
apple.com	17.178.96.59	darwinsource.org.
apple.com	17.178.96.59	darwinsource.com.
apple.com	17.178.96.59	darwincode.com.
apple.com	17.178.96.59	carbontest.com.
apple.com	17.142.160.59	ubnw.info.
apple.com	17.142.160.59	skyvines.info.
apple.com	17.142.160.59	shopdifferent.info.
apple.com	17.142.160.59	sherlock.info.
apple.com	17.142.160.59	quicktimetv.info.
apple.com	17.142.160.59	quicktimelive.info.
apple.com	17.142.160.59	powermac.info.
apple.com	17.142.160.59	powerbook.info.
apple.com	17.142.160.59	macosx.info.
apple.com	17.142.160.59	appleshare.info.
apple.com	17.142.160.59	applescript.info.
apple.com	17.142.160.59	applepaysupplies.info.
apple.com	17.142.160.59	applepaymerchantsupplies.info.
apple.com	17.142.160.59	applepay.info.
apple.com	17.142.160.59	applemasters.info.
apple.com	17.142.160.59	appleexpo.info.
apple.com	17.142.160.59	applecomputerinc.info.
apple.com	17.142.160.59	applecentre.info.
apple.com	17.142.160.59	airtunes.info.
apple.com	17.142.160.59	apple.by.
apple.com	17.142.160.59	apples-msk.ru.
apple.com	17.142.160.59	icloud.se.
apple.com	17.142.160.59	icloud.es.
apple.com	17.142.160.59	icloud.om.
apple.com	17.142.160.59	icloudo.com.
apple.com	17.142.160.59	icloud.ch.
apple.com	17.142.160.59	icloud.fr.
apple.com	17.142.160.59	icloude.com.
apple.com	17.142.160.59	camelspaceeffect.com.
apple.com	17.142.160.59	camelphat.com.
apple.com	17.142.160.59	alchemysynth.com.
apple.com	17.142.160.59	openni.org.
apple.com	17.142.160.59	swell.am.
apple.com	17.142.160.59	appleweb.net.
apple.com	17.142.160.59	apple.com.
apple.com	17.142.160.59	pv-apple-com.apple.com.
apple.com	17.142.160.59	ripmixburn.com.
apple.com	17.142.160.59	yessql.info.
apple.com	17.142.160.59	webobjects.info.
google.com.mx	216.58.218.99	dfw25s07-in-f99.1e100.net.
google.com.mx	216.58.218.99	dfw25s07-in-f3.1e100.net.
google.com.mx	216.58.218.99	dfw25s07-in-f3.1e100.net.
google.com.mx	216.58.218.99	dfw25s07-in-f99.1e100.net.
chinadaily.com.cn	124.127.180.200	200.180.127.124.broad.bj.bj.static.163data.com.cn.
imdb.com	72.21.206.80	206-80.amazon.com.
imdb.com	72.21.210.29	210-29.amazon.com.
imdb.com	207.171.166.22	166-22.amazon.com.
google.co.kr	216.58.218.99	dfw25s07-in-f3.1e100.net.
google.co.kr	216.58.218.99	dfw25s07-in-f99.1e100.net.
google.co.kr	216.58.218.99	dfw25s07-in-f99.1e100.net.
google.co.kr	216.58.218.99	dfw25s07-in-f3.1e100.net.
fc2.com	52.41.147.165	ec2-52-41-147-165.us-west-2.compute.amazonaws.com.
fc2.com	54.69.196.173	ec2-54-69-196-173.us-west-2.compute.amazonaws.com.
blogger.com	216.58.218.105	dfw25s07-in-f9.1e100.net.
blogger.com	216.58.218.105	dfw25s07-in-f105.1e100.net.
blogger.com	216.58.218.105	dfw25s07-in-f9.1e100.net.
blogger.com	216.58.218.105	dfw25s07-in-f105.1e100.net.
google.ca	173.194.64.94	oa-in-f94.1e100.net.
whatsapp.com	169.44.84.178	b2.54.2ca9.ip4.static.sl-reverse.com.
whatsapp.com	169.44.82.102	66.52.2ca9.ip4.static.sl-reverse.com.
whatsapp.com	184.173.147.39	27.93.adb8.ip4.static.sl-reverse.com.
whatsapp.com	192.155.212.203	cb.d4.9bc0.ip4.static.sl-reverse.com.
whatsapp.com	192.155.212.202	ca.d4.9bc0.ip4.static.sl-reverse.com.
whatsapp.com	184.173.147.38	26.93.adb8.ip4.static.sl-reverse.com.
google.com.tr	216.58.218.99	dfw25s07-in-f99.1e100.net.
google.com.tr	216.58.218.99	dfw25s07-in-f3.1e100.net.
google.com.tr	216.58.218.99	dfw25s07-in-f3.1e100.net.
google.com.tr	216.58.218.99	dfw25s07-in-f99.1e100.net.
google.co.id	216.58.218.99	dfw25s07-in-f3.1e100.net.
google.co.id	216.58.218.99	dfw25s07-in-f99.1e100.net.
google.co.id	216.58.218.99	dfw25s07-in-f99.1e100.net.
google.co.id	216.58.218.99	dfw25s07-in-f3.1e100.net.
rakuten.co.jp	133.237.48.124	redirect.rakuten.co.jp.
craigslist.org	208.82.237.129	www.craigslist.org.
google.pl	216.58.218.99	dfw25s07-in-f99.1e100.net.
google.pl	216.58.218.99	dfw25s07-in-f3.1e100.net.
google.pl	216.58.218.99	dfw25s07-in-f3.1e100.net.
google.pl	216.58.218.99	dfw25s07-in-f99.1e100.net.
dropbox.com	108.160.172.238	www.v.dropbox.com.
dropbox.com	108.160.172.206	www.v.dropbox.com.
outbrain.com	50.31.185.42	unknown.servercentral.net.
outbrain.com	50.31.185.43	unknown.servercentral.net.
pixnet.net	103.23.108.107	ip-103-23-108-107.static.pixnet.tw.
microsoftonline.com	65.55.39.10	xnacreators.net.
google.com.tw	216.58.218.99	dfw25s07-in-f99.1e100.net.
google.com.tw	216.58.218.99	dfw25s07-in-f3.1e100.net.
google.com.tw	216.58.218.99	dfw25s07-in-f3.1e100.net.
google.com.tw	216.58.218.99	dfw25s07-in-f99.1e100.net.
booking.com	5.57.16.220	www.booking.com.
google.com.au	216.58.218.99	dfw25s07-in-f99.1e100.net.
google.com.au	216.58.218.99	dfw25s07-in-f3.1e100.net.
google.com.au	216.58.218.99	dfw25s07-in-f99.1e100.net.
google.com.au	216.58.218.99	dfw25s07-in-f3.1e100.net.
cntv.cn	202.108.8.82	zz-8-82-a8.bta.net.cn.
zhihu.com	54.223.189.245	ec2-54-223-189-245.cn-north-1.compute.amazonaws.com.cn.
diply.com	23.204.156.67	a23-204-156-67.deploy.static.akamaitechnologies.com.
coccoc.com	123.30.175.29	coccoc.com.
twitch.tv	52.41.96.17	ec2-52-41-96-17.us-west-2.compute.amazonaws.com.
twitch.tv	50.112.196.159	ec2-50-112-196-159.us-west-2.compute.amazonaws.com.
twitch.tv	52.36.196.57	ec2-52-36-196-57.us-west-2.compute.amazonaws.com.
google.co.th	216.58.218.99	dfw25s07-in-f99.1e100.net.
google.co.th	216.58.218.99	dfw25s07-in-f3.1e100.net.
google.co.th	216.58.218.99	dfw25s07-in-f99.1e100.net.
google.co.th	216.58.218.99	dfw25s07-in-f3.1e100.net.
google.com.ar	216.58.218.99	dfw25s07-in-f99.1e100.net.
google.com.ar	216.58.218.99	dfw25s07-in-f3.1e100.net.
google.com.ar	216.58.218.99	dfw25s07-in-f3.1e100.net.
google.com.ar	216.58.218.99	dfw25s07-in-f99.1e100.net.
google.nl	216.58.218.99	dfw25s07-in-f3.1e100.net.
google.nl	216.58.218.99	dfw25s07-in-f99.1e100.net.
google.nl	216.58.218.99	dfw25s07-in-f99.1e100.net.
google.nl	216.58.218.99	dfw25s07-in-f3.1e100.net.
ebay.co.uk	66.211.185.77	ebay.in.
ebay.co.uk	66.211.185.77	ebay.co.uk.
ebay.co.uk	66.211.185.77	ebay.be.
ebay.co.uk	66.211.185.77	ebay.fr.
ebay.co.uk	66.211.185.77	befr.ebay.be.
ebay.co.uk	66.211.185.77	ebay.com.au.
ebay.co.uk	66.211.185.77	ebay.pl.
ebay.co.uk	66.211.185.77	ebay.nl.
ebay.co.uk	66.211.185.77	ebay.es.
ebay.co.uk	66.211.185.77	ebay.ca.
ebay.co.uk	66.211.185.77	ebay.com.hk.
ebay.co.uk	66.211.185.77	ebay.com.sg.
ebay.co.uk	66.211.185.77	ebay.ch.
ebay.co.uk	66.211.185.77	ebay.ie.
ebay.co.uk	66.211.185.77	ebay.com.my.
ebay.co.uk	66.211.185.77	ebay.it.
ebay.co.uk	66.211.185.77	ebay.de.
ebay.co.uk	66.135.211.132	pages.intl.ebay.com.
ebay.co.uk	66.135.211.132	benl.ebay.be.
ebay.co.uk	66.211.181.20	ebay.ie.
ebay.co.uk	66.211.181.20	ebay.fr.
ebay.co.uk	66.211.181.20	ebay.nl.
ebay.co.uk	66.211.181.20	ebay.it.
ebay.co.uk	66.211.181.20	benl.ebay.be.
ebay.co.uk	66.211.181.20	ebay.be.
ebay.co.uk	66.211.181.20	ebay.ca.
ebay.co.uk	66.211.181.20	ebay.ch.
ebay.co.uk	66.211.181.20	ebay.com.my.
ebay.co.uk	66.211.181.20	ebay.com.sg.
ebay.co.uk	66.211.181.20	ebay.de.
ebay.co.uk	66.211.181.20	ebay.in.
ebay.co.uk	66.211.181.20	ebay.es.
ebay.co.uk	66.211.181.20	ebay.ph.
ebay.co.uk	66.211.181.20	ebay.co.uk.
ebay.co.uk	66.211.181.20	ebay.com.au.
ebay.co.uk	66.211.181.20	ebay.com.hk.
ebay.co.uk	66.211.181.20	befr.ebay.be.
ebay.co.uk	66.211.181.235	benl.ebay.be.
ebay.co.uk	66.211.181.235	pages.intl.ebay.com.
globo.com	186.192.90.5	186-192-90-5.ptr.globo.com.
globo.com	186.192.90.5	redirect.globo.com.
google.com.ua	216.58.218.99	dfw25s07-in-f3.1e100.net.
google.com.ua	216.58.218.99	dfw25s07-in-f99.1e100.net.
google.com.ua	216.58.218.99	dfw25s07-in-f99.1e100.net.
google.com.ua	216.58.218.99	dfw25s07-in-f3.1e100.net.
uol.com.br	200.147.67.142	200-147-67-142.static.uol.com.br.
uol.com.br	200.221.2.45	home.uol.com.br.
google.com.co	216.58.218.99	dfw25s07-in-f3.1e100.net.
google.com.co	216.58.218.99	dfw25s07-in-f99.1e100.net.
google.com.co	216.58.218.99	dfw25s07-in-f99.1e100.net.
google.com.co	216.58.218.99	dfw25s07-in-f3.1e100.net.
google.com.vn	216.58.218.99	dfw25s07-in-f99.1e100.net.
google.com.vn	216.58.218.99	dfw25s07-in-f3.1e100.net.
google.com.vn	216.58.218.99	dfw25s07-in-f3.1e100.net.
google.com.vn	216.58.218.99	dfw25s07-in-f99.1e100.net.
google.com.ph	216.58.218.99	dfw25s07-in-f3.1e100.net.
google.com.ph	216.58.218.99	dfw25s07-in-f99.1e100.net.
google.com.ph	216.58.218.99	dfw25s07-in-f99.1e100.net.
google.com.ph	216.58.218.99	dfw25s07-in-f3.1e100.net.
doubleclick.net	216.58.218.110	dfw25s07-in-f110.1e100.net.
doubleclick.net	216.58.218.110	dfw25s07-in-f110.1e100.net.
doubleclick.net	216.58.218.110	dfw25s07-in-f14.1e100.net.
doubleclick.net	216.58.218.110	dfw25s07-in-f14.1e100.net.
onet.pl	213.180.141.140	sg1.any.onet.pl.
googleadservices.com	216.58.218.162	dfw06s46-in-f162.1e100.net.
googleadservices.com	216.58.218.162	dfw06s46-in-f162.1e100.net.
googleadservices.com	216.58.218.162	dfw06s46-in-f2.1e100.net.
googleadservices.com	216.58.218.162	dfw06s46-in-f2.1e100.net.
googleweblight.com	216.58.218.97	dfw25s07-in-f97.1e100.net.
googleweblight.com	216.58.218.97	dfw25s07-in-f97.1e100.net.
googleweblight.com	216.58.218.97	dfw25s07-in-f1.1e100.net.
googleweblight.com	216.58.218.97	dfw25s07-in-f1.1e100.net.
answers.yahoo.com	121.101.144.112	r1.ycpi.vip.hka.yahoo.net.
answers.yahoo.com	121.101.144.116	r2.ycpi.vip.hka.yahoo.net.
